{"active_signal": {"D1": "SELL"}, "last_fired": {"M30": 1783430966.1641781, "H4": 1783432046.280558, "D1": 1783375221.9492595, "M15": 1783435346.2960498}}