{"active_signal": {"D1": "SELL", "M5": "SELL"}, "last_fired": {"M30": 1783378866.5843055, "H1": 1783340436.3522081, "H4": 1782908218.2466722, "D1": 1783375221.9492595, "M5": 1783383026.3710766, "M15": 1783380307.9826012}}