{"active_signal": {"D1": "SELL", "M15": "BUY"}, "last_fired": {"H4": 1784013446.4166863, "D1": 1783375221.9492595, "H1": 1783947317.7808812, "M15": 1784305483.170278}}