{"active_signal": {"M15": "SELL", "D1": "SELL", "M5": "SELL"}, "last_fired": {"M30": 1783107182.5874076, "H1": 1783105262.791074, "H4": 1782908218.2466722, "D1": 1783330901.5528567, "M5": 1783330901.5528567, "M15": 1783330901.5528567}}