{"active_signal": {"D1": "SELL"}, "last_fired": {"M30": 1783378866.5843055, "H1": 1783340436.3522081, "H4": 1782908218.2466722, "D1": 1783375221.9492595, "M5": 1783385781.3867013}}