{"active_signal": {"D1": "SELL", "M30": "BUY", "H1": "BUY"}, "last_fired": {"M30": 1782928212.084183, "H1": 1782928212.084183, "H4": 1782908218.2466722, "D1": 1782928213.2533984, "M5": 1782914416.1113217, "M15": 1782914416.1113217}}