{"active_signal": {"D1": "SELL", "M15": "BUY", "M5": "BUY"}, "last_fired": {"M30": 1782913394.8956141, "H1": 1782913694.097511, "H4": 1782908218.2466722, "D1": 1782893767.9993236, "M5": 1782913305.768987, "M15": 1782913514.1095178}}