{"active_signal": {"D1": "SELL"}, "last_fired": {"H4": 1784013446.4166863, "D1": 1783375221.9492595, "H1": 1783947317.7808812, "M30": 1784122516.3814352, "M15": 1784210406.8308613}}