{"active_signal": {"D1": "SELL"}, "last_fired": {"M30": 1783518962.8165255, "H4": 1783432046.280558, "D1": 1783375221.9492595, "H1": 1783507472.282045}}