{"active_signal": {"D1": "SELL", "M30": "BUY"}, "last_fired": {"M30": 1782914103.4447403, "H1": 1782913694.097511, "H4": 1782908218.2466722, "D1": 1782893767.9993236, "M5": 1782913305.768987, "M15": 1782913514.1095178}}