{"active_signal": {"D1": "SELL", "H1": "BUY"}, "last_fired": {"M30": 1782928212.084183, "H1": 1782973059.2159731, "H4": 1782908218.2466722, "D1": 1782973060.664185, "M5": 1782914416.1113217, "M15": 1782914416.1113217}}