{"active_signal": {"D1": "SELL", "H1": "BUY"}, "last_fired": {"M30": 1782982707.3847175, "H1": 1783015325.0104246, "H4": 1782908218.2466722, "D1": 1783015327.0172539, "M5": 1782914416.1113217, "M15": 1782975438.8157372}}