{"active_signal": {"D1": "SELL", "M15": "SELL"}, "last_fired": {"M30": 1783340256.5082226, "H1": 1783340436.3522081, "H4": 1782908218.2466722, "D1": 1783330901.5528567, "M5": 1783339896.6808686, "M15": 1783344952.545999}}