{"active_signal": {"D1": "SELL", "H1": "BUY"}, "last_fired": {"M30": 1782978198.4476511, "H1": 1782979698.6656737, "H4": 1782908218.2466722, "D1": 1782973060.664185, "M5": 1782914416.1113217, "M15": 1782975438.8157372}}