{"active_signal": {"D1": "SELL", "M15": "BUY", "M5": "BUY"}, "last_fired": {"M30": 1782912385.3354535, "H1": 1782893767.9993236, "H4": 1782908218.2466722, "D1": 1782893767.9993236, "M5": 1782913305.768987, "M15": 1782911659.069655}}