{"active_signal": {"D1": "SELL", "H1": "SELL"}, "last_fired": {"M30": 1783696465.0492296, "H4": 1783432046.280558, "D1": 1783375221.9492595, "H1": 1783928164.5029364, "M15": 1783695924.9968667}}