{"active_signal": {"D1": "SELL", "H4": "SELL"}, "last_fired": {"M30": 1783696465.0492296, "H4": 1784013446.4166863, "D1": 1783375221.9492595, "H1": 1783947317.7808812, "M15": 1783695924.9968667}}