{"active_signal": {"D1": "SELL", "H4": "SELL", "M15": "BUY"}, "last_fired": {"M30": 1782893767.9993236, "H1": 1782893767.9993236, "H4": 1782908218.2466722, "D1": 1782893767.9993236, "M5": 1782907259.2758183, "M15": 1782911659.069655}}